,urls,address,m2,rooms,toilets,prices,latitude,longitude
1,https://www.portalinmobiliario.com/MLC-541469325-mujica-99-nunoa-chile-_JM#position=9&type=item&tracking_id=c8e4ebf8-df80-4929-b6e6-6429af92fbf0," Mujica 99, Ñuñoa, Chile, Ñuñoa ",40,1,1,320000,-33.4605856,-70.6059986
2,https://www.portalinmobiliario.com/MLC-541529014-mario-kreutzberger-1558-santiago-chile-_JM#position=10&type=item&tracking_id=c8e4ebf8-df80-4929-b6e6-6429af92fbf0," Mario Kreutzberger 1558, Santiago, Chile, Santiago ",33,1,1,235000,-33.43594442,-70.65948832
3,https://www.portalinmobiliario.com/MLC-541140407-jose-domingo-canas-705-nunoa-chile-_JM#position=12&type=item&tracking_id=c8e4ebf8-df80-4929-b6e6-6429af92fbf0," José Domingo Cañas 705, Ñuñoa, Chile, Ñuñoa ",65,2,2,490000,-33.4567098,-70.609417
4,https://www.portalinmobiliario.com/MLC-541440070-irarrazaval-200-nunoa-chile-_JM#position=13&type=item&tracking_id=c8e4ebf8-df80-4929-b6e6-6429af92fbf0," Irarrázaval 200, Ñuñoa, Chile, Ñuñoa ",24,1,1,300000,-33.4541894,-70.604972
5,https://www.portalinmobiliario.com/MLC-541516529-avenida-espana-199-santiago-chile-_JM#position=14&type=item&tracking_id=c8e4ebf8-df80-4929-b6e6-6429af92fbf0," Avenida España 199, Santiago, Chile, Santiago ",35,1,1,260000,-33.45142997346939,-70.66993784489796
6,https://www.portalinmobiliario.com/MLC-541003757-espoz-3276-vitacura-chile-_JM#position=15&type=item&tracking_id=c8e4ebf8-df80-4929-b6e6-6429af92fbf0," Espoz 3276, Vitacura, Chile, Vitacura ",140,4,4,1000000,-33.39693215,-70.5996831695472
7,https://www.portalinmobiliario.com/MLC-541287728-lira-140-santiago-region-metropolitana-chile-_JM#position=16&type=item&tracking_id=c8e4ebf8-df80-4929-b6e6-6429af92fbf0," Lira 140, Santiago, Región Metropolitana, Chile, Santiago ",36,1,1,260000,-33.4445095,-70.6405555
8,https://www.portalinmobiliario.com/MLC-541280627-avenida-manuel-rodriguez-sur-540-santiago-chile-_JM#position=17&type=item&tracking_id=c8e4ebf8-df80-4929-b6e6-6429af92fbf0," Avenida Manuel Rodríguez Sur 540, Santiago, Chile, Santiago ",39,1,1,300000,-33.4491351,-70.6600392
9,https://www.portalinmobiliario.com/MLC-541437307-san-isidro-19-santiago-chile-_JM#position=18&type=item&tracking_id=c8e4ebf8-df80-4929-b6e6-6429af92fbf0," San Isidro 19, Santiago, Chile, Santiago ",40,1,1,260000,-33.4429287,-70.6449855
10,https://www.portalinmobiliario.com/MLC-541301543-santa-isabel-157-santiago-chile-_JM#position=19&type=item&tracking_id=c8e4ebf8-df80-4929-b6e6-6429af92fbf0," Santa Isabel 157, Santiago, Chile, Santiago ",28,1,1,295000,-33.4477920375,-70.63408308125
11,https://www.portalinmobiliario.com/MLC-541524670-suarez-mujica-400-nunoa-chile-_JM#position=20&type=item&tracking_id=c8e4ebf8-df80-4929-b6e6-6429af92fbf0," Suárez Mujica 400, Ñuñoa, Chile, Ñuñoa ",70,2,2,500000,-33.4605856,-70.6059986
12,https://www.portalinmobiliario.com/MLC-540834850-jose-victorino-lastarria-70-santiago-chile-_JM#position=21&type=item&tracking_id=c8e4ebf8-df80-4929-b6e6-6429af92fbf0," José Victorino Lastarria 70, Santiago, Chile, Santiago ",58,2,2,450000,-33.439649,-70.641734
13,https://www.portalinmobiliario.com/MLC-540960014-serrano-633-santiago-santiago-centro-chile-_JM#position=22&type=item&tracking_id=c8e4ebf8-df80-4929-b6e6-6429af92fbf0," Serrano 633, Santiago, Santiago Centro, Chile, Santiago ",65,2,2,480000,-33.452289,-70.6478872
17,https://www.portalinmobiliario.com/MLC-541536091-irarrazaval-1401-nunoa-chile-_JM#position=26&type=item&tracking_id=c8e4ebf8-df80-4929-b6e6-6429af92fbf0," Irarrázaval 1401, Ñuñoa, Chile, Ñuñoa ",60,2,2,470000,-33.4541894,-70.604972
18,https://www.portalinmobiliario.com/MLC-541439858-irarrazaval-200-nunoa-chile-_JM#position=27&type=item&tracking_id=c8e4ebf8-df80-4929-b6e6-6429af92fbf0," Irarrázaval 200, Ñuñoa, Chile, Ñuñoa ",33,1,1,385000,-33.4541894,-70.604972
24,https://www.portalinmobiliario.com/MLC-541588205-alonso-de-ercilla-3055-nunoa-chile-_JM#position=34&type=item&tracking_id=c8e4ebf8-df80-4929-b6e6-6429af92fbf0," Alonso De Ercilla 3055, Ñuñoa, Chile, Ñuñoa ",42,1,1,350000,-33.4520581,-70.5977326
25,https://www.portalinmobiliario.com/MLC-541005597-av-sta-rosa-634-santiago-chile-_JM#position=35&type=item&tracking_id=c8e4ebf8-df80-4929-b6e6-6429af92fbf0," Av. Sta. Rosa 634, Santiago, Chile, Santiago ",52,2,2,430000,-33.4439109,-70.6459961
26,https://www.portalinmobiliario.com/MLC-541576202-avenida-libertador-bernardo-ohiggins-232-santiago-chile-_JM#position=36&type=item&tracking_id=c8e4ebf8-df80-4929-b6e6-6429af92fbf0," Avenida Libertador Bernardo O'higgins 232, Santiago, Chile, Santiago ",70,3,1,320000,-33.439798,-70.6398329
27,https://www.portalinmobiliario.com/MLC-541520615-jose-domingo-canas-1585-nunoa-chile-_JM#position=37&type=item&tracking_id=c8e4ebf8-df80-4929-b6e6-6429af92fbf0," José Domingo Cañas 1585, Ñuñoa, Chile, Ñuñoa ",90,3,2,650000,-33.4567098,-70.609417
29,https://www.portalinmobiliario.com/MLC-541105919-el-radal-lo-barnechea-chile-_JM#position=39&type=item&tracking_id=c8e4ebf8-df80-4929-b6e6-6429af92fbf0," El Radal, Lo Barnechea, Chile, Lo Barnechea ",83,2,2,700000,-33.3641693,-70.5189841
32,https://www.portalinmobiliario.com/MLC-540809199-hamlet-4340-las-condes-chile-_JM#position=42&type=item&tracking_id=c8e4ebf8-df80-4929-b6e6-6429af92fbf0," Hamlet 4340, Las Condes, Chile, Las Condes ",52,1,1,470000,-33.4084548,-70.5671489
35,https://www.portalinmobiliario.com/MLC-541514078-19600-santiago-estacion-central-region-metropolitana-_JM#position=46&type=item&tracking_id=c8e4ebf8-df80-4929-b6e6-6429af92fbf0," 19600, Santiago, Estación Central, Región Metropolitana, Chile, Estación Central ",38,2,1,300000,-33.4536375,-70.6898654
36,https://www.portalinmobiliario.com/MLC-541527137-moneda-2131-santiago-chile-_JM#position=47&type=item&tracking_id=c8e4ebf8-df80-4929-b6e6-6429af92fbf0," Moneda 2131, Santiago, Chile, Santiago ",35,1,1,300000,-33.44332212916667,-70.6655039625
39,https://www.portalinmobiliario.com/MLC-541449074-tarapaca-santiago-chile-_JM#position=50&type=item&tracking_id=c8e4ebf8-df80-4929-b6e6-6429af92fbf0," Tarapacá, Santiago, Chile, Santiago ",58,2,2,430000,-33.4472338,-70.6497587
45,https://www.portalinmobiliario.com/MLC-539313841-san-isidro-96-santiago-region-metropolitana-chile-_JM#position=8&type=item&tracking_id=7d65c8dd-25ac-4db1-9ffb-899a10ccab01," San Isidro 96, Santiago, Región Metropolitana, Chile, Santiago ",27,1,1,235000,-33.444617,-70.6443617
46,https://www.portalinmobiliario.com/MLC-540796573-irarrazaval-200-nunoa-chile-_JM#position=9&type=item&tracking_id=7d65c8dd-25ac-4db1-9ffb-899a10ccab01," Irarrázaval 200, Ñuñoa, Chile, Ñuñoa ",35,1,1,390000,-33.4541894,-70.604972
49,https://www.portalinmobiliario.com/MLC-538396522-avenida-vicuna-mackenna-poniente-7735-la-florida-chile-_JM#position=12&type=item&tracking_id=7d65c8dd-25ac-4db1-9ffb-899a10ccab01," Avenida Vicuña Mackenna Poniente 7735, La Florida, Chile, La Florida ",76,3,2,460000,-33.5214179,-70.60107466855953
52,https://www.portalinmobiliario.com/MLC-538430891-monjitas-744-santiago-chile-_JM#position=15&type=item&tracking_id=7d65c8dd-25ac-4db1-9ffb-899a10ccab01," Monjitas 744, Santiago, Chile, Santiago ",40,1,1,320000,-33.43708110869565,-70.64778220000001
53,https://www.portalinmobiliario.com/MLC-539313974-tarapaca-890-santiago-chile-_JM#position=16&type=item&tracking_id=7d65c8dd-25ac-4db1-9ffb-899a10ccab01," Tarapacá 890, Santiago, Chile, Santiago ",34,1,1,320000,-33.4472338,-70.6497587
54,https://www.portalinmobiliario.com/MLC-538384292-san-martin-413-santiago-chile-_JM#position=17&type=item&tracking_id=7d65c8dd-25ac-4db1-9ffb-899a10ccab01," San Martín 413, Santiago, Chile, Santiago ",72,2,2,550000,-33.43847372857143,-70.65809489183674
55,https://www.portalinmobiliario.com/MLC-540707343-diego-de-velasquez-providencia-chile-_JM#position=18&type=item&tracking_id=7d65c8dd-25ac-4db1-9ffb-899a10ccab01," Diego De Velásquez, Providencia, Chile, Providencia ",44,1,1,350000,-33.4238767,-70.6103243
56,https://portalinmobiliario.com/MLC-540259282-san-damian-081-_JM#position=19&type=item&tracking_id=7d65c8dd-25ac-4db1-9ffb-899a10ccab01," San Damian 081, Vitacura ",80,2,2,850000,-33.3761284,-70.5257926
57,https://www.portalinmobiliario.com/MLC-539722942-angel-pino-3412-nunoa-chile-_JM#position=20&type=item&tracking_id=7d65c8dd-25ac-4db1-9ffb-899a10ccab01," Ángel Pino 3412, Ñuñoa, Chile, Ñuñoa ",95,3,2,580000,-33.4534438,-70.59543794999999
58,https://www.portalinmobiliario.com/MLC-537618030-irarrazaval-2150-nunoa-chile-_JM#position=21&type=item&tracking_id=7d65c8dd-25ac-4db1-9ffb-899a10ccab01," Irarrázaval 2150, Ñuñoa, Chile, Ñuñoa ",42,1,1,425000,-33.4541894,-70.604972
59,https://www.portalinmobiliario.com/MLC-539313802-mercedes-461-valparaiso-chile-_JM#position=22&type=item&tracking_id=7d65c8dd-25ac-4db1-9ffb-899a10ccab01," Mercedes 461, Valparaíso, Chile, Valparaíso ",80,3,2,400000,-33.2488226,-71.3333435
61,https://www.portalinmobiliario.com/MLC-538324634-ismael-valdes-vergara-santiago-chile-_JM#position=24&type=item&tracking_id=7d65c8dd-25ac-4db1-9ffb-899a10ccab01," Ismael Valdés Vergara, Santiago, Chile, Santiago ",90,2,1,610000,-33.4334501,-70.6504189
65,https://portalinmobiliario.com/MLC-540992798-avenida-independencia-740-_JM#position=28&type=item&tracking_id=7d65c8dd-25ac-4db1-9ffb-899a10ccab01," Avenida Independencia 740, Independencia ",45,2,1,290000,-33.427158974545456,-70.65327211272728
67,https://www.portalinmobiliario.com/MLC-539772368-presidente-balmaceda-2720-santiago-chile-_JM#position=30&type=item&tracking_id=7d65c8dd-25ac-4db1-9ffb-899a10ccab01," Presidente Balmaceda 2720, Santiago, Chile, Santiago ",35,1,1,270000,-33.4325636,-70.6547303
68,https://www.portalinmobiliario.com/MLC-537574443-santa-isabel-77-santiago-chile-_JM#position=31&type=item&tracking_id=7d65c8dd-25ac-4db1-9ffb-899a10ccab01," Santa Isabel 77, Santiago, Chile, Santiago ",7,1,1,300000,-33.447571214634145,-70.63321775609755
69,https://portalinmobiliario.com/MLC-540819391-san-francisco-294-santiago-departamento-517-_JM#position=32&type=item&tracking_id=7d65c8dd-25ac-4db1-9ffb-899a10ccab01," San Francisco 294, Santiago - Departamento 517, Santiago ",32,1,1,292000,-12.123851949999999,-76.9676767
72,https://www.portalinmobiliario.com/MLC-539335711-diego-de-almagro-2163-providencia-chile-_JM#position=36&type=item&tracking_id=7d65c8dd-25ac-4db1-9ffb-899a10ccab01," Diego De Almagro 2163, Providencia, Chile, Providencia ",100,3,2,1000000,-33.4373467,-70.5807767
73,https://www.portalinmobiliario.com/MLC-538827963-santo-domingo-736-santiago-chile-_JM#position=37&type=item&tracking_id=7d65c8dd-25ac-4db1-9ffb-899a10ccab01," Santo Domingo 736, Santiago, Chile, Santiago ",32,1,1,310000,-33.435914258,-70.647823758
74,https://www.portalinmobiliario.com/MLC-541590832-el-roble-1550-huechuraba-chile-_JM#position=39&type=item&tracking_id=7d65c8dd-25ac-4db1-9ffb-899a10ccab01," El Roble 1550, Huechuraba, Chile, Huechuraba ",60,2,2,450000,-33.3484586,-70.6714243
78,https://www.portalinmobiliario.com/MLC-537307806-portal-providencia-chile-_JM#position=43&type=item&tracking_id=7d65c8dd-25ac-4db1-9ffb-899a10ccab01," Portal, Providencia, 1880, Providencia ",75,2,2,620000,-6.29783,-78.2398588
80,https://www.portalinmobiliario.com/MLC-540633333-tucapel-233-nunoa-chile-_JM#position=45&type=item&tracking_id=7d65c8dd-25ac-4db1-9ffb-899a10ccab01," Tucapel 233, Ñuñoa, Chile, Ñuñoa ",33,1,1,350000,-33.4513335,-70.6266639
82,https://www.portalinmobiliario.com/MLC-538841412-humorista-carlos-helo-recoleta-chile-_JM#position=47&type=item&tracking_id=7d65c8dd-25ac-4db1-9ffb-899a10ccab01," Humorista Carlos Helo, Recoleta, Chile, Recoleta ",42,1,1,290000,-33.4236198,-70.6412902
83,https://portalinmobiliario.com/MLC-540986047-avenida-peru-_JM#position=48&type=item&tracking_id=7d65c8dd-25ac-4db1-9ffb-899a10ccab01," Avenida Peru, Recoleta ",140,4,2,715000,-33.4174776,-70.6392423
89,https://portalinmobiliario.com/MLC-538506301-llewellyn-jones-1460-_JM#position=4&type=item&tracking_id=dcd53e00-d451-4708-a53a-40fa4de5a1f4," Llewellyn Jones 1460, Providencia ",35,1,1,380000,-33.4291651,-70.6018981
93,https://portalinmobiliario.com/MLC-540264170-avenida-andres-bello-1555-providencia-_JM#position=10&type=item&tracking_id=dcd53e00-d451-4708-a53a-40fa4de5a1f4," Avenida Andrés Bello 1555, Providencia, Providencia ",60,2,2,470000,-33.4248225,-70.6211604
96,https://portalinmobiliario.com/MLC-538879674-avenida-ecuador-4678-_JM#position=13&type=item&tracking_id=dcd53e00-d451-4708-a53a-40fa4de5a1f4," Avenida Ecuador 4678, Estación Central ",45,2,1,320000,-33.4538209,-70.6999448
97,https://www.portalinmobiliario.com/MLC-537576796-merced-562-santiago-chile-_JM#position=14&type=item&tracking_id=dcd53e00-d451-4708-a53a-40fa4de5a1f4," Merced 562, Santiago, Chile, Santiago ",30,1,1,300000,-33.4380388,-70.6445442
99,https://www.portalinmobiliario.com/MLC-538280825-sazie-2054-santiago-chile-_JM#position=16&type=item&tracking_id=dcd53e00-d451-4708-a53a-40fa4de5a1f4," Sazié 2054, Santiago, Chile, Santiago ",41,1,1,330000,-33.4502579122449,-70.66408443469388
100,https://portalinmobiliario.com/MLC-540263975-antonio-bellet-240-providencia-_JM#position=17&type=item&tracking_id=dcd53e00-d451-4708-a53a-40fa4de5a1f4," Traiguén 2368, Providencia, Chile, Providencia ",70,1,1,340000,-33.4258655,-70.60456643168958
102,https://www.portalinmobiliario.com/MLC-539313950-av-las-condes-7026-las-condes-chile-_JM#position=19&type=item&tracking_id=dcd53e00-d451-4708-a53a-40fa4de5a1f4," Av. Las Condes 7026, Las Condes, Chile, Las Condes ",40,1,1,530000,-33.4084548,-70.5671489
103,https://www.portalinmobiliario.com/MLC-540253433-santa-victoria-538-santiago-chile-_JM#position=20&type=item&tracking_id=dcd53e00-d451-4708-a53a-40fa4de5a1f4," Santa Victoria 538, Santiago, Chile, Santiago ",28,1,1,300000,-33.44894848235294,-70.64254735294118
104,https://www.portalinmobiliario.com/MLC-537765443-santo-domingo-518-santiago-chile-_JM#position=21&type=item&tracking_id=dcd53e00-d451-4708-a53a-40fa4de5a1f4," Santo Domingo 518, Santiago, Chile, Santiago ",45,1,1,500000,-33.435683784615385,-70.6447618076923
105,https://portalinmobiliario.com/MLC-541293309-lord-cochrane-177-_JM#position=22&type=item&tracking_id=dcd53e00-d451-4708-a53a-40fa4de5a1f4," Lord Cochrane 177, Santiago ",30,1,1,285000,-33.448441525,-70.655009125
111,https://www.portalinmobiliario.com/MLC-538394660-general-prieto-1305-independencia-chile-_JM#position=31&type=item&tracking_id=dcd53e00-d451-4708-a53a-40fa4de5a1f4," General Prieto 1305, Independencia, Chile, Independencia ",55,2,2,370000,-33.42993394222222,-70.65445976444444
116,https://www.portalinmobiliario.com/MLC-540044196-jose-miguel-carrera-298-santiago-chile-_JM#position=36&type=item&tracking_id=dcd53e00-d451-4708-a53a-40fa4de5a1f4," José Miguel Carrera 298, Santiago, Chile, Santiago ",37,1,1,250000,-33.4510856,-70.6631182
120,https://www.portalinmobiliario.com/MLC-537302913-villaseca-75-nunoa-chile-_JM#position=40&type=item&tracking_id=dcd53e00-d451-4708-a53a-40fa4de5a1f4," Villaseca 75, Ñuñoa, Chile, Ñuñoa ",100,3,2,620000,-33.45345711935484,-70.60328313548386
123,https://www.portalinmobiliario.com/MLC-541512113-juan-crisostomo-jaques-2281-providencia-chile-_JM#position=43&type=item&tracking_id=dcd53e00-d451-4708-a53a-40fa4de5a1f4," Juan Crisóstomo Jaques 2281, Providencia, Chile, Providencia ",80,3,2,685000,-33.4290796,-70.6055395
124,https://www.portalinmobiliario.com/MLC-538350198-jose-miguel-carrera-la-florida-chile-_JM#position=45&type=item&tracking_id=dcd53e00-d451-4708-a53a-40fa4de5a1f4," José Miguel Carrera, La Florida, Chile, La Florida ",30,1,1,200000,-33.5502349,-70.5669225
125,https://www.portalinmobiliario.com/MLC-538833072-jorge-washington-330-nunoa-chile-_JM#position=46&type=item&tracking_id=dcd53e00-d451-4708-a53a-40fa4de5a1f4," Jorge Washington 330, Ñuñoa, Chile, Ñuñoa ",63,2,1,450000,-33.4495133,-70.5939271
127,https://www.portalinmobiliario.com/MLC-537537638-merced-471-santiago-chile-_JM#position=49&type=item&tracking_id=dcd53e00-d451-4708-a53a-40fa4de5a1f4," Merced 471, Santiago, Chile, Santiago ",25,1,1,240000,-33.436877,-70.6388878
130,https://www.portalinmobiliario.com/MLC-539580297-arturo-prat-324-santiago-chile-_JM#position=2&type=item&tracking_id=c972391a-b570-4626-8b0c-c8db7f867abf," Arturo Prat 324, Santiago, Chile, Santiago ",33,1,1,280000,-33.4501435,-70.6489401
131,https://www.portalinmobiliario.com/MLC-539333422-gorbea-1953-santiago-chile-_JM#position=4&type=item&tracking_id=c972391a-b570-4626-8b0c-c8db7f867abf," Gorbea 1953, Santiago, Chile, Santiago ",28,1,1,260000,-33.452272,-70.6626404
135,https://www.portalinmobiliario.com/MLC-537933704-san-isidro-234-santiago-chile-_JM#position=8&type=item&tracking_id=c972391a-b570-4626-8b0c-c8db7f867abf," San Isidro 234, Santiago, Chile, Santiago ",32,1,1,198000,-33.4463468,-70.6439886
136,https://www.portalinmobiliario.com/MLC-538256112-huerfanos-3026-santiago-chile-_JM#position=9&type=item&tracking_id=c972391a-b570-4626-8b0c-c8db7f867abf," Huérfanos 3026, Santiago, Chile, Santiago ",40,1,1,240000,-33.4409595,-70.6636425
139,https://portalinmobiliario.com/MLC-537934104-lord-cochrane-136-santiago-chile-_JM#position=12&type=item&tracking_id=c972391a-b570-4626-8b0c-c8db7f867abf," Tarapacá 1331, Santiago, Chile, Santiago ",32,1,1,198000,-33.4476726,-70.6534737
141,https://www.portalinmobiliario.com/MLC-539332116-el-vergel-2336-providencia-chile-_JM#position=14&type=item&tracking_id=c972391a-b570-4626-8b0c-c8db7f867abf," El Vergel 2336, Providencia, Chile, Providencia ",45,1,1,380000,-33.4324974,-70.60313747951626
143,https://www.portalinmobiliario.com/MLC-540815940-nueva-de-lyon-170-providencia-chile-_JM#position=16&type=item&tracking_id=c972391a-b570-4626-8b0c-c8db7f867abf," Nueva De Lyon 170, Providencia, Chile, Providencia ",26,1,1,290000,-33.4211581,-70.6104089
144,https://www.portalinmobiliario.com/arriendo/departamento/estacion-central-metropolitana/5763241-avenida-ecuador-4707-uda#position=17&type=item&tracking_id=c972391a-b570-4626-8b0c-c8db7f867abf," Avenida Ecuador 4707, Estación Central ",50,2,2,150000,-33.453441240816325,-70.69937110612246
145,https://www.portalinmobiliario.com/MLC-541150658-brown-norte-220-nunoa-chile-_JM#position=18&type=item&tracking_id=c972391a-b570-4626-8b0c-c8db7f867abf," Brown Norte 220, Ñuñoa, Chile, Ñuñoa ",72,2,2,460000,-33.4519994,-70.5916622
146,https://www.portalinmobiliario.com/arriendo/departamento/las-condes-metropolitana/5773653-la-gloria-30-uda#position=20&type=item&tracking_id=c972391a-b570-4626-8b0c-c8db7f867abf," La Gloria 30, Las Condes ",40,1,1,350000,-33.4086196,-70.5771665
147,https://www.portalinmobiliario.com/MLC-540959779-san-nicolas-1346-san-miguel-chile-_JM#position=22&type=item&tracking_id=c972391a-b570-4626-8b0c-c8db7f867abf," San Nicolás 1346, San Miguel, Chile, San Miguel ",33,1,1,253000,-33.5010594,-70.6460956
149,https://www.portalinmobiliario.com/MLC-541427083-suecia-2060-providencia-chile-_JM#position=24&type=item&tracking_id=c972391a-b570-4626-8b0c-c8db7f867abf," Suecia 2060, Providencia, Chile, Providencia ",52,2,1,430000,-33.4311954,-70.6043188
150,https://www.portalinmobiliario.com/MLC-541538866-doctor-johow-995-nunoa-chile-_JM#position=25&type=item&tracking_id=c972391a-b570-4626-8b0c-c8db7f867abf," Doctor Johow 995, Ñuñoa, Chile, Ñuñoa ",33,1,1,330000,-33.46443553387097,-70.59435251129031
151,https://www.portalinmobiliario.com/MLC-540960791-departamento-en-arriendo-de-2-dorm-en-providencia-_JM#position=26&type=item&tracking_id=c972391a-b570-4626-8b0c-c8db7f867abf," Andres Bello 1051, Providencia ",90,2,2,485000,-33.4195664,-70.6103361
153,https://www.portalinmobiliario.com/MLC-541150895-san-isidro-488-santiago-chile-_JM#position=28&type=item&tracking_id=c972391a-b570-4626-8b0c-c8db7f867abf," San Isidro 488, Santiago, Chile, Santiago ",40,2,1,290000,-33.45002505625,-70.64298407083334
154,https://www.portalinmobiliario.com/MLC-541302002-el-vergel-2245-providencia-chile-_JM#position=29&type=item&tracking_id=c972391a-b570-4626-8b0c-c8db7f867abf," El Vergel 2245, Providencia, Chile, Providencia ",85,3,2,490000,-33.4333517,-70.6047340193496
155,https://www.portalinmobiliario.com/arriendo/departamento/la-florida-metropolitana/5774131-avenida-colombia-vicente-valdes-uda#position=30&type=item&tracking_id=c972391a-b570-4626-8b0c-c8db7f867abf," Avenida Colombia / Vicente Valdés, La Florida ",65,3,2,380000,-33.5210581,-70.5906054
156,https://www.portalinmobiliario.com/arriendo/departamento/las-condes-metropolitana/5777584-martin-alonso-pinzon-7000-uda#position=31&type=item&tracking_id=c972391a-b570-4626-8b0c-c8db7f867abf," Martín Alonso Pinzón 7000, Las Condes ",50,1,1,350000,-33.4194905,-70.5579329
161,https://www.portalinmobiliario.com/MLC-541426312-amunategui-695-santiago-chile-_JM#position=37&type=item&tracking_id=c972391a-b570-4626-8b0c-c8db7f867abf," Amunátegui 695, Santiago, Chile, Santiago ",62,2,2,330000,-33.435857632,-70.65698717000001
162,https://www.portalinmobiliario.com/arriendo/departamento/estacion-central-metropolitana/5762938-avenida-ecuador-4707-uda#position=38&type=item&tracking_id=c972391a-b570-4626-8b0c-c8db7f867abf," Avenida Ecuador 4707, Estación Central ",50,2,2,165000,-33.453441240816325,-70.69937110612246
163,https://www.portalinmobiliario.com/MLC-541283095-avenida-pocuro-2191-providencia-chile-_JM#position=39&type=item&tracking_id=c972391a-b570-4626-8b0c-c8db7f867abf," Avenida Pocuro 2191, Providencia, Chile, Providencia ",50,2,2,480000,-33.4355938,-70.60488418894101
168,https://www.portalinmobiliario.com/arriendo/departamento/nunoa-metropolitana/5630323-esquina-hamburgo-emilia-tellez-uda#position=44&type=item&tracking_id=c972391a-b570-4626-8b0c-c8db7f867abf," Esquina Hamburgo / Emilia Tellez, Ñuñoa ",91,3,2,600000,-33.4426617,-70.57632936025615
169,https://www.portalinmobiliario.com/MLC-541427574-avenida-grecia-nunoa-chile-_JM#position=45&type=item&tracking_id=c972391a-b570-4626-8b0c-c8db7f867abf," Avenida Grecia, Ñuñoa, Chile, Ñuñoa ",54,1,1,340000,-33.4624086,-70.605771
171,https://www.portalinmobiliario.com/arriendo/departamento/vina-del-mar-valparaiso/5574890-jardin-del-mar-370-uda#position=47&type=item&tracking_id=c972391a-b570-4626-8b0c-c8db7f867abf," Jardín Del Mar 370, Viña Del Mar ",70,2,2,350000,-32.97828,-71.536143
176,https://www.portalinmobiliario.com/MLC-541026887-padre-miguel-de-olivares-1440-santiago-chile-_JM#position=2&type=item&tracking_id=1fcacb8b-e488-474c-a9d8-17479ffc4a8a," Padre Miguel De Olivares 1440, Santiago, Chile, Santiago ",65,2,2,395000,-33.4491099,-70.6560655
179,https://www.portalinmobiliario.com/MLC-541297742-las-violetas-providencia-chile-_JM#position=5&type=item&tracking_id=1fcacb8b-e488-474c-a9d8-17479ffc4a8a," Las Violetas, Providencia, Chile, Providencia ",50,1,1,400000,-33.4338201,-70.6034825
182,https://www.portalinmobiliario.com/arriendo/departamento/providencia-metropolitana/5774842-metro-tobalaba-uda#position=8&type=item&tracking_id=1fcacb8b-e488-474c-a9d8-17479ffc4a8a," Metro Tobalaba, Providencia ",57,1,1,400000,-33.4192014,-70.6011251
183,https://www.portalinmobiliario.com/arriendo/departamento/la-serena-coquimbo/5748887-av-gabriela-mistral-san-joaquin-uda#position=9&type=item&tracking_id=1fcacb8b-e488-474c-a9d8-17479ffc4a8a," Av. Gabriela Mistral San Joaquin, La Serena ",122,3,2,400000,-29.9301299,-71.2460259
187,https://www.portalinmobiliario.com/arriendo/departamento/santiago-metropolitana/5721845-vicuna-mackenna-victoria-uda#position=13&type=item&tracking_id=1fcacb8b-e488-474c-a9d8-17479ffc4a8a," Vicuña Mackenna / Victoria, Santiago ",36,1,1,280000,-33.728647,-70.3174101
189,https://www.portalinmobiliario.com/MLC-541577603-antonio-varas-855-providencia-chile-_JM#position=15&type=item&tracking_id=1fcacb8b-e488-474c-a9d8-17479ffc4a8a," Antonio Varas 855, Providencia, Chile, Providencia ",64,2,2,530000,-33.435338763025825,-70.6151253108274
192,https://www.portalinmobiliario.com/arriendo/departamento/vitacura-metropolitana/5739429-vitacuracarmen-farina-uda#position=18&type=item&tracking_id=1fcacb8b-e488-474c-a9d8-17479ffc4a8a," Vitacura / Carmen Fariña, Vitacura ",140,4,4,800000,-33.3864567,-70.5643918
194,https://www.portalinmobiliario.com/MLC-541450415-sector-suecia-antunez-providencia-_JM#position=20&type=item&tracking_id=1fcacb8b-e488-474c-a9d8-17479ffc4a8a," Sector Suecia- Antunez, Providencia, Providencia ",45,1,1,435000,-33.42771995,-70.60514031968931
196,https://www.portalinmobiliario.com/MLC-541136424-avenida-manuel-montt-682-providencia-chile-_JM#position=22&type=item&tracking_id=1fcacb8b-e488-474c-a9d8-17479ffc4a8a," Avenida Manuel Montt 682, Providencia, Chile, Providencia ",58,1,1,450000,-33.4433564,-70.6146584
198,https://www.portalinmobiliario.com/arriendo/departamento/providencia-metropolitana/5668977-miguel-claro-511-uda#position=24&type=item&tracking_id=1fcacb8b-e488-474c-a9d8-17479ffc4a8a," Miguel Claro 511, Providencia ",42,1,1,440000,-33.4446484,-70.6173157
200,https://www.portalinmobiliario.com/MLC-540809479-vergara-559-santiago-chile-_JM#position=27&type=item&tracking_id=1fcacb8b-e488-474c-a9d8-17479ffc4a8a," Vergara 559, Santiago, Chile, Santiago ",54,2,2,320000,-33.4540841,-70.66163278431591
205,https://www.portalinmobiliario.com/MLC-540830541-irarrazaval-2042-nunoa-chile-_JM#position=32&type=item&tracking_id=1fcacb8b-e488-474c-a9d8-17479ffc4a8a," Irarrázaval 2042, Ñuñoa, Chile, Ñuñoa ",61,2,2,495000,-33.4541894,-70.604972
206,https://www.portalinmobiliario.com/arriendo/departamento/vitacura-metropolitana/5495000-zurich-vitacura-uda#position=33&type=item&tracking_id=1fcacb8b-e488-474c-a9d8-17479ffc4a8a," Zurich / Vitacura, Vitacura ",35,1,1,360000,-33.4156002,-70.6041423
208,https://www.portalinmobiliario.com/arriendo/departamento/estacion-central-metropolitana/5750760-buzo-sobenes-4650-uda#position=35&type=item&tracking_id=1fcacb8b-e488-474c-a9d8-17479ffc4a8a," Buzo Sobenes 4650, Estación Central ",30,1,1,230000,-33.449915828571434,-70.6983170734694
210,https://www.portalinmobiliario.com/MLC-540953492-sector-los-leones-providencia-_JM#position=38&type=item&tracking_id=1fcacb8b-e488-474c-a9d8-17479ffc4a8a," Sector Los Leones- Providencia, Providencia ",52,2,2,430000,-33.4218003,-70.6085664
214,https://www.portalinmobiliario.com/MLC-541523530-seminario-855-nunoa-chile-_JM#position=42&type=item&tracking_id=1fcacb8b-e488-474c-a9d8-17479ffc4a8a," Seminario 855, Ñuñoa, Chile, Ñuñoa ",41,1,1,349000,-33.45191968421052,-70.62737321578948
215,https://www.portalinmobiliario.com/arriendo/departamento/nunoa-metropolitana/5775875-jose-domingo-canas-2662-uda#position=43&type=item&tracking_id=1fcacb8b-e488-474c-a9d8-17479ffc4a8a," José Domingo Cañas 2662, Ñuñoa ",50,1,1,450000,-33.4567098,-70.609417
216,https://www.portalinmobiliario.com/arriendo/departamento/valparaiso-valparaiso/5746466-portofino-uda#position=44&type=item&tracking_id=1fcacb8b-e488-474c-a9d8-17479ffc4a8a," Portofino, Valparaíso ",68,3,2,390000,-33.034026,-71.394943
218,https://www.portalinmobiliario.com/arriendo/departamento/huechuraba-metropolitana/5771074-rinconada-del-salto-uda#position=46&type=item&tracking_id=1fcacb8b-e488-474c-a9d8-17479ffc4a8a," Rinconada Del Salto, Huechuraba ",69,2,2,500000,-33.3932682,-70.6227406
220,https://www.portalinmobiliario.com/MLC-541455706-camino-turistico-_JM#position=48&type=item&tracking_id=1fcacb8b-e488-474c-a9d8-17479ffc4a8a," Camino Turistico, Lo Barnechea ",392,4,4,2900000,-33.3685412,-70.5202036
221,https://www.portalinmobiliario.com/MLC-540964812-esperanza-349-santiago-chile-_JM#position=49&type=item&tracking_id=1fcacb8b-e488-474c-a9d8-17479ffc4a8a," Esperanza 349, Santiago, Chile, Santiago ",87,1,1,390000,-33.44172125714286,-70.6753851
226,https://www.portalinmobiliario.com/MLC-540954850-avenida-las-condes-10415-las-condes-chile-_JM#position=4&type=item&tracking_id=c74cc2d4-8cd6-47cd-81b3-32a1592c4652," Avenida Las Condes 10415, Las Condes, Chile, Las Condes ",38,1,1,500000,-33.4084548,-70.5671489
228,https://www.portalinmobiliario.com/MLC-541132047-nuncio-laghi-nunoa-chile-_JM#position=6&type=item&tracking_id=c74cc2d4-8cd6-47cd-81b3-32a1592c4652," Nuncio Laghi, Ñuñoa, Chile, Ñuñoa ",55,2,2,500000,-33.45681,-70.57268
229,https://www.portalinmobiliario.com/arriendo/departamento/vitacura-metropolitana/5528480-espoz-vitacura-uda#position=7&type=item&tracking_id=c74cc2d4-8cd6-47cd-81b3-32a1592c4652," Espoz / Vitacura, Vitacura ",70,2,2,800000,-33.3965352,-70.6002538
231,https://www.portalinmobiliario.com/MLC-540814737-las-nieves-vitacura-chile-_JM#position=9&type=item&tracking_id=c74cc2d4-8cd6-47cd-81b3-32a1592c4652," Las Nieves, Vitacura, Chile, Vitacura ",74,2,2,620000,-33.4033439,-70.5923602
232,https://www.portalinmobiliario.com/arriendo/departamento/las-condes-metropolitana/5776222-pedro-de-gamboalas-condes-uda#position=10&type=item&tracking_id=c74cc2d4-8cd6-47cd-81b3-32a1592c4652," Pedro De Gamboa / Las Condes, Las Condes ",125,3,3,800000,-33.4003559,-70.5574971
233,https://www.portalinmobiliario.com/arriendo/departamento/macul-metropolitana/5712046-vicente-huidobro-macul-uda#position=11&type=item&tracking_id=c74cc2d4-8cd6-47cd-81b3-32a1592c4652," Vicente Huidobro / Macul, Macul ",51,2,2,410000,-33.4875759,-70.5966571
236,https://www.portalinmobiliario.com/MLC-541450948-quinta-710-quilpue-chile-_JM#position=15&type=item&tracking_id=c74cc2d4-8cd6-47cd-81b3-32a1592c4652," Quinta 710, Quilpué, Chile, Quilpué ",84,3,2,550000,-33.04386155,-71.45729744650811
237,https://www.portalinmobiliario.com/arriendo/departamento/vina-del-mar-valparaiso/5765142-las-golondrinas-1731-uda#position=16&type=item&tracking_id=c74cc2d4-8cd6-47cd-81b3-32a1592c4652," Las Golondrinas 1731, Viña Del Mar ",70,2,2,470000,-32.9583768,-71.5430382
239,https://www.portalinmobiliario.com/MLC-541290226-mario-kreutzberger-santiago-chile-_JM#position=18&type=item&tracking_id=c74cc2d4-8cd6-47cd-81b3-32a1592c4652," Mario Kreutzberger, Santiago, Chile, Santiago ",33,1,1,260000,-33.4358919,-70.6598841
241,https://www.portalinmobiliario.com/MLC-540982036-morande-617-santiago-chile-_JM#position=20&type=item&tracking_id=c74cc2d4-8cd6-47cd-81b3-32a1592c4652," Morandé 617, Santiago, Chile, Santiago ",34,1,1,250000,-33.436229524,-70.654086268
243,https://www.portalinmobiliario.com/arriendo/departamento/vitacura-metropolitana/5730682-avenida-vitacura-5421-uda#position=22&type=item&tracking_id=c74cc2d4-8cd6-47cd-81b3-32a1592c4652," Avenida Vitacura 5421, Vitacura ",80,3,2,595000,-33.3969284,-70.5823513
244,https://www.portalinmobiliario.com/arriendo/departamento/santiago-metropolitana/5725081-eleuterio-ramirez-1024-uda#position=23&type=item&tracking_id=c74cc2d4-8cd6-47cd-81b3-32a1592c4652," Eleuterio Ramírez 1024, Santiago ",50,2,1,270000,-33.449167461935446,-70.64966360199818
245,https://www.portalinmobiliario.com/MLC-541462961-doctor-pedro-lautaro-ferrer-providencia-chile-_JM#position=24&type=item&tracking_id=c74cc2d4-8cd6-47cd-81b3-32a1592c4652," Doctor Pedro Lautaro Ferrer, Providencia, Chile, Providencia ",72,2,2,600000,-33.4443684,-70.5991652
247,https://www.portalinmobiliario.com/MLC-541306644-avenida-manuel-montt-12-providencia-chile-_JM#position=26&type=item&tracking_id=c74cc2d4-8cd6-47cd-81b3-32a1592c4652," Avenida Manuel Montt 12, Providencia, Chile, Providencia ",72,2,2,480000,-33.4433564,-70.6146584
248,https://www.portalinmobiliario.com/MLC-541672222-san-isidro-154-santiago-chile-_JM#position=27&type=item&tracking_id=c74cc2d4-8cd6-47cd-81b3-32a1592c4652," San Isidro 154, Santiago, Chile, Santiago ",30,1,1,250000,-33.445214239130436,-70.64425175652174
252,https://www.portalinmobiliario.com/MLC-541523231-av-holanda-1297-providencia-chile-_JM#position=31&type=item&tracking_id=c74cc2d4-8cd6-47cd-81b3-32a1592c4652," Av. Holanda 1297, Providencia, Chile, Providencia ",78,2,2,630000,-33.43082375,-70.6007545952989
259,https://www.portalinmobiliario.com/MLC-541328346-carcel-620-valparaiso-chile-_JM#position=38&type=item&tracking_id=c74cc2d4-8cd6-47cd-81b3-32a1592c4652," Cárcel 620, Valparaíso, Chile, Valparaíso ",91,2,2,470000,-33.046692,-71.6289999
262,https://www.portalinmobiliario.com/MLC-541579977-irarrazaval-870-nunoa-chile-_JM#position=41&type=item&tracking_id=c74cc2d4-8cd6-47cd-81b3-32a1592c4652," Irarrázaval 870, Ñuñoa, Chile, Ñuñoa ",50,2,2,410000,-33.4541894,-70.604972
263,https://www.portalinmobiliario.com/arriendo/departamento/san-miguel-metropolitana/5641474-arcangel-1200-uda#position=42&type=item&tracking_id=c74cc2d4-8cd6-47cd-81b3-32a1592c4652," Arcangel 1200, San Miguel ",51,2,2,460000,-33.4884672,-70.65292479
267,https://www.portalinmobiliario.com/MLC-541300029-diagonal-cervantes-759-santiago-chile-_JM#position=47&type=item&tracking_id=c74cc2d4-8cd6-47cd-81b3-32a1592c4652," Diagonal Cervantes 759, Santiago, Chile, Santiago ",41,1,1,240000,-33.4345317,-70.6493747
268,https://www.portalinmobiliario.com/MLC-540823176-avenida-pocuro-2905-providencia-chile-_JM#position=48&type=item&tracking_id=c74cc2d4-8cd6-47cd-81b3-32a1592c4652," Avenida Pocuro 2905, Providencia, Chile, Providencia ",77,2,2,740000,-33.4362095,-70.6078888
269,https://www.portalinmobiliario.com/MLC-541602230-lord-cochrane-209-santiago-chile-_JM#position=49&type=item&tracking_id=c74cc2d4-8cd6-47cd-81b3-32a1592c4652," Lord Cochrane 209, Santiago, Chile, Santiago ",30,1,1,199000,-33.4494469,-70.65516594311204
272,https://www.portalinmobiliario.com/MLC-541523689-avenida-almirante-blanco-encalada-1771-santiago-chile-_JM#position=2&type=item&tracking_id=2df0cc4e-9dc2-428c-95fe-cecd9a2e875d," Avenida Almirante Blanco Encalada 1771, Santiago, Chile, Santiago ",4,1,1,249000,-33.457496,-70.6663994
277,https://www.portalinmobiliario.com/arriendo/departamento/santiago-metropolitana/5717205-san-martin-898-departamento-1301-uda#position=8&type=item&tracking_id=2df0cc4e-9dc2-428c-95fe-cecd9a2e875d," San Martín 898 - Departamento 1301, Santiago ",51,3,2,400000,-3.1851515,-77.7995614
278,https://www.portalinmobiliario.com/MLC-541150528-merced-691-santiago-chile-_JM#position=9&type=item&tracking_id=2df0cc4e-9dc2-428c-95fe-cecd9a2e875d," Merced 691, Santiago, Chile, Santiago ",49,2,1,395000,-33.437939254545455,-70.64668920000001
279,https://www.portalinmobiliario.com/arriendo/departamento/nunoa-metropolitana/5748852-irarrazaval-uda#position=10&type=item&tracking_id=2df0cc4e-9dc2-428c-95fe-cecd9a2e875d," Irarrazaval, Ñuñoa ",62,2,2,470000,-33.4549221,-70.628254
280,https://www.portalinmobiliario.com/MLC-541115930-argomedo-65-santiago-chile-_JM#position=11&type=item&tracking_id=2df0cc4e-9dc2-428c-95fe-cecd9a2e875d," Argomedo 65, Santiago, Chile, Santiago ",49,2,2,400000,-33.4489962137931,-70.63277778965518
281,https://www.portalinmobiliario.com/arriendo/departamento/vina-del-mar-valparaiso/5732960-avenida-peru-uda#position=12&type=item&tracking_id=2df0cc4e-9dc2-428c-95fe-cecd9a2e875d," Avenida Peru, Viña Del Mar ",100,4,3,500000,-33.017352,-71.5599605
283,https://www.portalinmobiliario.com/MLC-541110307-avenida-las-condes-14701-las-condes-chile-_JM#position=14&type=item&tracking_id=2df0cc4e-9dc2-428c-95fe-cecd9a2e875d," Avenida Las Condes 14701, Las Condes, Chile, Las Condes ",85,3,2,600000,-33.4084548,-70.5671489
284,https://www.portalinmobiliario.com/MLC-541584039-san-isidro-234-santiago-chile-_JM#position=15&type=item&tracking_id=2df0cc4e-9dc2-428c-95fe-cecd9a2e875d," San Isidro 234, Santiago, Chile, Santiago ",29,1,1,250000,-33.4463468,-70.6439886
285,https://www.portalinmobiliario.com/arriendo/departamento/estacion-central-metropolitana/5768185-padre-alberto-hurtado-0131-uda#position=16&type=item&tracking_id=2df0cc4e-9dc2-428c-95fe-cecd9a2e875d," Padre Alberto Hurtado 0131, Estación Central ",64,3,2,355000,-33.4616613,-70.687339
286,https://www.portalinmobiliario.com/arriendo/departamento/san-miguel-metropolitana/5536940-metro-ciudad-del-nino-uda#position=17&type=item&tracking_id=2df0cc4e-9dc2-428c-95fe-cecd9a2e875d," Metro Ciudad Del Nino, San Miguel ",47,2,2,300000,-33.5024426,-70.6546219
289,https://www.portalinmobiliario.com/MLC-541676383-lord-cochrane-173-santiago-chile-_JM#position=20&type=item&tracking_id=2df0cc4e-9dc2-428c-95fe-cecd9a2e875d," Lord Cochrane 173, Santiago, Chile, Santiago ",40,1,1,310000,-33.448370275,-70.655019475
293,https://www.portalinmobiliario.com/MLC-541443096-nueva-bueras-178-santiago-chile-_JM#position=24&type=item&tracking_id=2df0cc4e-9dc2-428c-95fe-cecd9a2e875d," Nueva Bueras 178, Santiago, Chile, Santiago ",47,1,1,550000,-33.43742843333334,-70.63844666666667
294,https://www.portalinmobiliario.com/MLC-541112830-san-jorge-60-nunoa-chile-_JM#position=25&type=item&tracking_id=2df0cc4e-9dc2-428c-95fe-cecd9a2e875d," San Jorge 60, Ñuñoa, Chile, Ñuñoa ",40,1,1,400000,-33.4541894,-70.604972
296,https://www.portalinmobiliario.com/MLC-541589677-santa-elena-895-santiago-chile-_JM#position=28&type=item&tracking_id=2df0cc4e-9dc2-428c-95fe-cecd9a2e875d," Santa Elena 895, Santiago, Chile, Santiago ",38,1,1,260000,-33.2147156,-70.7328134
301,https://www.portalinmobiliario.com/MLC-541570749-zenteno-138-santiago-chile-_JM#position=34&type=item&tracking_id=2df0cc4e-9dc2-428c-95fe-cecd9a2e875d," Zenteno 138, Santiago, Chile, Santiago ",22,1,1,220000,-33.4687422,-70.6495539
302,https://www.portalinmobiliario.com/MLC-541536076-santa-rosa-146-santiago-chile-_JM#position=35&type=item&tracking_id=2df0cc4e-9dc2-428c-95fe-cecd9a2e875d," Santa Rosa 146, Santiago, Chile, Santiago ",33,1,1,290000,-33.4457890969697,-70.64533468181818
303,https://www.portalinmobiliario.com/arriendo/departamento/las-condes-metropolitana/5763854-leonardo-da-vinci-7080-uda#position=36&type=item&tracking_id=2df0cc4e-9dc2-428c-95fe-cecd9a2e875d," Leonardo Da Vinci 7080, Las Condes ",36,1,1,430000,-33.40556221764706,-70.55575339411764
306,https://www.portalinmobiliario.com/MLC-539500308-exequiel-fernandez-90-nunoa-chile-_JM#position=39&type=item&tracking_id=2df0cc4e-9dc2-428c-95fe-cecd9a2e875d," Exequiel Fernandez 90, Ñuñoa, Chile, Ñuñoa ",45,1,1,350000,-33.4555673,-70.59928050898328
307,https://portalinmobiliario.com/MLC-538389751-alcalde-pedro-alarcon-900-_JM#position=41&type=item&tracking_id=2df0cc4e-9dc2-428c-95fe-cecd9a2e875d," Alcalde Pedro Alarcón 900, San Miguel ",67,3,2,460000,-33.4868678,-70.6470865
308,https://www.portalinmobiliario.com/MLC-539684134-avenida-santa-maria-571-recoleta-chile-_JM#position=42&type=item&tracking_id=2df0cc4e-9dc2-428c-95fe-cecd9a2e875d," Avenida Santa María 571, Recoleta, Chile, Recoleta ",35,1,1,280000,-33.432767528947366,-70.64762050263158
309,https://www.portalinmobiliario.com/MLC-539669380-lira-526-santiago-chile-_JM#position=43&type=item&tracking_id=2df0cc4e-9dc2-428c-95fe-cecd9a2e875d," Lira 526, Santiago, Chile, Santiago ",48,2,2,375000,-33.44951049591837,-70.63883082653061
315,https://www.portalinmobiliario.com/MLC-536081720-seminario-650-nunoa-chile-_JM#position=49&type=item&tracking_id=2df0cc4e-9dc2-428c-95fe-cecd9a2e875d," Seminario 650, Ñuñoa, Chile, Ñuñoa ",55,2,2,450000,-33.4536675,-70.6266808
319,https://www.portalinmobiliario.com/MLC-539343553-tarapaca-890-santiago-chile-_JM#position=3&type=item&tracking_id=fa6f677d-f61a-41ce-abe4-d4399ebebd33," Tarapacá 890, Santiago, Chile, Santiago ",27,1,1,250000,-33.4472338,-70.6497587
320,https://www.portalinmobiliario.com/MLC-536139918-pedro-lira-1404-providencia-chile-_JM#position=4&type=item&tracking_id=fa6f677d-f61a-41ce-abe4-d4399ebebd33," Pedro Lira 1404, Providencia, Chile, Providencia ",59,2,2,490000,-33.44582785,-70.61288227812653
321,https://www.portalinmobiliario.com/MLC-536064570-departamento-en-arriendo-metro-san-miguel-_JM#position=5&type=item&tracking_id=fa6f677d-f61a-41ce-abe4-d4399ebebd33," San Miguel: Metro San Miguel, Santiago ",38,1,1,270000,14.4655606,121.0433681
322,https://www.portalinmobiliario.com/MLC-539279223-juana-de-arco-2080-providencia-chile-_JM#position=6&type=item&tracking_id=fa6f677d-f61a-41ce-abe4-d4399ebebd33," Juana De Arco 2080, Providencia, Chile, Providencia ",40,1,1,290000,-33.4268202,-70.6101586
324,https://www.portalinmobiliario.com/MLC-539344065-dr-johow-995-nunoa-region-metropolitana-chile-_JM#position=8&type=item&tracking_id=fa6f677d-f61a-41ce-abe4-d4399ebebd33," Dr Johow 995, Ñuñoa, Región Metropolitana, Chile, Ñuñoa ",25,1,1,290000,-33.46443553387097,-70.59435251129031
326,https://www.portalinmobiliario.com/MLC-539520813-carmen-644-santiago-chile-_JM#position=10&type=item&tracking_id=fa6f677d-f61a-41ce-abe4-d4399ebebd33," Carmen 644, Santiago, Chile, Santiago ",40,1,1,280000,-33.45186205,-70.64089108750001
327,https://www.portalinmobiliario.com/MLC-537308372-avenida-ricardo-lyon-2830-nunoa-chile-_JM#position=11&type=item&tracking_id=fa6f677d-f61a-41ce-abe4-d4399ebebd33," Avenida Ricardo Lyon 2830, Ñuñoa, Chile, Ñuñoa ",68,2,2,600000,-33.4470448,-70.60249605454545
328,https://www.portalinmobiliario.com/MLC-540300548-eleuterio-ramirez-santiago-chile-_JM#position=12&type=item&tracking_id=fa6f677d-f61a-41ce-abe4-d4399ebebd33," Eleuterio Ramírez, Santiago, Chile, Santiago ",4,2,2,330000,-33.4499577,-70.653241
329,https://portalinmobiliario.com/MLC-539035007-san-isidro-96-_JM#position=13&type=item&tracking_id=fa6f677d-f61a-41ce-abe4-d4399ebebd33," San Isidro 96, Santiago, Chile, Santiago ",58,2,2,400000,-33.444617,-70.6443617
332,https://portalinmobiliario.com/MLC-540601642-general-flores-60-providencia-_JM#position=16&type=item&tracking_id=fa6f677d-f61a-41ce-abe4-d4399ebebd33," General Flores 60, Providencia, Providencia ",55,2,1,450000,-33.4275566,-70.6190522
333,https://www.portalinmobiliario.com/arriendo/departamento/vitacura-metropolitana/5651373-los-acantos-vitacura-uda#position=17&type=item&tracking_id=fa6f677d-f61a-41ce-abe4-d4399ebebd33," Los Acantos / Vitacura, Vitacura ",98,3,2,890000,-33.4034412,-70.5941707
336,https://portalinmobiliario.com/MLC-541668521-suecia-151-_JM#position=21&type=item&tracking_id=fa6f677d-f61a-41ce-abe4-d4399ebebd33," Suecia 151, Providencia ",41,1,1,400000,-33.4195976,-70.60846183524714
338,https://www.portalinmobiliario.com/MLC-539763896-serrano-611-santiago-chile-_JM#position=25&type=item&tracking_id=fa6f677d-f61a-41ce-abe4-d4399ebebd33," Serrano 611, Santiago, Chile, Santiago ",45,2,2,310000,-33.45256632941176,-70.64788385294118
339,https://www.portalinmobiliario.com/MLC-538118446-el-sauce-huechuraba-chile-_JM#position=26&type=item&tracking_id=fa6f677d-f61a-41ce-abe4-d4399ebebd33," El Sauce, Huechuraba, Chile, Huechuraba ",58,2,2,500000,-33.3615987,-70.6689014
343,https://www.portalinmobiliario.com/arriendo/departamento/las-condes-metropolitana/5712079-avenida-presidente-riesco-2993-uda#position=31&type=item&tracking_id=fa6f677d-f61a-41ce-abe4-d4399ebebd33," Avenida Presidente Riesco 2993, Las Condes ",58,1,1,450000,-33.412533749999994,-70.59917005006534
345,https://www.portalinmobiliario.com/MLC-538711736-monsenor-escriva-de-balaguer-9411-vitacura-chile-_JM#position=34&type=item&tracking_id=fa6f677d-f61a-41ce-abe4-d4399ebebd33," Monseñor Escrivá De Balaguer 9411, Vitacura, Chile, Vitacura ",140,4,4,1150000,-33.3712406,-70.5185396
349,https://www.portalinmobiliario.com/arriendo/departamento/vina-del-mar-valparaiso/5648840-villa-dulce-uda#position=39&type=item&tracking_id=fa6f677d-f61a-41ce-abe4-d4399ebebd33," Villa Dulce, Viña Del Mar ",47,3,1,300000,-33.0326175,-71.5070291
351,https://www.portalinmobiliario.com/arriendo/departamento/santiago-metropolitana/5716072-moneda-uda#position=41&type=item&tracking_id=fa6f677d-f61a-41ce-abe4-d4399ebebd33," Moneda, Santiago ",28,1,1,235000,-33.4449058,-70.654855
352,https://www.portalinmobiliario.com/arriendo/departamento/nunoa-metropolitana/5571524-tegualda-sucre-uda#position=42&type=item&tracking_id=fa6f677d-f61a-41ce-abe4-d4399ebebd33," Tegualda / Sucre, Ñuñoa ",40,1,1,395000,-33.4517802,-70.6221624
353,https://www.portalinmobiliario.com/MLC-540049406-san-pablo-1391-santiago-chile-_JM#position=43&type=item&tracking_id=fa6f677d-f61a-41ce-abe4-d4399ebebd33," San Pablo 1391, Santiago, Chile, Santiago ",64,2,1,350000,-33.4345508,-70.6601982
354,https://www.portalinmobiliario.com/MLC-539523125-monjitas-744-santiago-chile-_JM#position=45&type=item&tracking_id=fa6f677d-f61a-41ce-abe4-d4399ebebd33," Monjitas 744, Santiago, Chile, Santiago ",35,1,1,310000,-33.43708110869565,-70.64778220000001
356,https://www.portalinmobiliario.com/arriendo/departamento/vitacura-metropolitana/5495518-las-tranqueras-uda#position=47&type=item&tracking_id=fa6f677d-f61a-41ce-abe4-d4399ebebd33," Las Tranqueras, Vitacura ",60,2,2,480000,-33.389748,-70.5531468
357,https://www.portalinmobiliario.com/MLC-539188610-avenida-ricardo-lyon-2256-providencia-chile-_JM#position=48&type=item&tracking_id=fa6f677d-f61a-41ce-abe4-d4399ebebd33," Avenida Ricardo Lyon 2256, Providencia, Chile, Providencia ",80,2,3,585000,-33.44151263513513,-70.60295212702702
358,https://www.portalinmobiliario.com/MLC-540672988-vicuna-mackenna-7735-la-florida-chile-_JM#position=49&type=item&tracking_id=fa6f677d-f61a-41ce-abe4-d4399ebebd33," Vicuña Mackenna 7735, La Florida, Chile, La Florida ",38,1,1,330000,-33.5204181,-70.6006178
363,https://www.portalinmobiliario.com/arriendo/departamento/las-condes-metropolitana/5510544-avenida-las-condes-uda#position=6&type=item&tracking_id=9eaf2bd6-6048-4b79-af68-9405f2d940aa," Avenida Las Condes, Las Condes ",70,2,2,690000,-33.3862735,-70.5377511
367,https://www.portalinmobiliario.com/arriendo/departamento/nunoa-metropolitana/5546261-emilio-vaisse-uda#position=10&type=item&tracking_id=9eaf2bd6-6048-4b79-af68-9405f2d940aa," Emilio Vaisse, Ñuñoa ",60,2,2,500000,-33.4522314,-70.6257306
368,https://www.portalinmobiliario.com/arriendo/departamento/san-miguel-metropolitana/5739319-carmen-mena-1050-uda#position=11&type=item&tracking_id=9eaf2bd6-6048-4b79-af68-9405f2d940aa," Carmen Mena 1050, San Miguel ",38,2,1,350000,-33.50652002903226,-70.65465036129032
369,https://www.portalinmobiliario.com/MLC-539505925-suecia-1524-providencia-chile-_JM#position=14&type=item&tracking_id=9eaf2bd6-6048-4b79-af68-9405f2d940aa," Suecia 1524, Providencia, Chile, Providencia ",100,3,3,615000,-33.43412691428571,-70.60323214693878
370,https://www.portalinmobiliario.com/MLC-538888830-carmen-433-santiago-chile-_JM#position=15&type=item&tracking_id=9eaf2bd6-6048-4b79-af68-9405f2d940aa," Carmen 433, Santiago, Chile, Santiago ",38,1,1,350000,-33.449257046341465,-70.6419124902439
371,https://www.portalinmobiliario.com/arriendo/departamento/estacion-central-metropolitana/5492992-cuadro-verde-uda#position=16&type=item&tracking_id=9eaf2bd6-6048-4b79-af68-9405f2d940aa," Cuadro Verde, Estación Central ",48,2,2,370000,-33.4662428,-70.7234161
372,https://www.portalinmobiliario.com/MLC-540699639-macul-chile-_JM#position=17&type=item&tracking_id=9eaf2bd6-6048-4b79-af68-9405f2d940aa," Macul, Chile, Macul ",61,3,2,450000,-33.4821635,-70.5991929
373,https://www.portalinmobiliario.com/arriendo/departamento/las-condes-metropolitana/5610955-geronimo-de-alderete-uda#position=18&type=item&tracking_id=9eaf2bd6-6048-4b79-af68-9405f2d940aa," Gerònimo De Alderete, Las Condes ",130,3,3,1200000,-33.3947721,-70.5615686
374,https://www.portalinmobiliario.com/arriendo/departamento/las-condes-metropolitana/5613242-avenida-las-condes-uda#position=19&type=item&tracking_id=9eaf2bd6-6048-4b79-af68-9405f2d940aa," Avenida Las Condes, San Miguel ",57,2,2,600000,-33.3701438,-70.5064047
375,https://www.portalinmobiliario.com/arriendo/departamento/santiago-metropolitana/5742858-vicuna-mackenna-881-uda#position=21&type=item&tracking_id=9eaf2bd6-6048-4b79-af68-9405f2d940aa," Vicuña Mackenna 881, Santiago ",30,1,1,240000,-33.5867028,-70.7138502
377,https://www.portalinmobiliario.com/arriendo/departamento/providencia-metropolitana/5680553-doctor-manuel-barros-borgono-uda#position=23&type=item&tracking_id=9eaf2bd6-6048-4b79-af68-9405f2d940aa," Doctor Manuel Barros Borgoño, Providencia ",70,2,2,600000,-33.4324362,-70.6178199
378,https://www.portalinmobiliario.com/arriendo/departamento/santiago-metropolitana/5562929-santa-victoria-uda#position=24&type=item&tracking_id=9eaf2bd6-6048-4b79-af68-9405f2d940aa," Santa Victoria, Santiago ",27,1,1,250000,-33.5848614,-71.0531652
381,https://www.portalinmobiliario.com/arriendo/departamento/las-condes-metropolitana/5742856-manquehue-sur-970-uda#position=28&type=item&tracking_id=9eaf2bd6-6048-4b79-af68-9405f2d940aa," Manquehue Sur 970, Las Condes ",100,2,2,700000,-33.4096058,-70.5669244
382,https://www.portalinmobiliario.com/arriendo/departamento/recoleta-metropolitana/5737832-olivos-uda#position=29&type=item&tracking_id=9eaf2bd6-6048-4b79-af68-9405f2d940aa," Olivos, Recoleta ",50,2,2,400000,-33.461598,-70.7441038
383,https://www.portalinmobiliario.com/arriendo/departamento/las-condes-metropolitana/5742880-avenida-manquehue-sur-colon-uda#position=30&type=item&tracking_id=9eaf2bd6-6048-4b79-af68-9405f2d940aa," Avenida Manquehue Sur / Colon, Las Condes ",98,3,2,650000,-33.4219479,-70.5644627
384,https://www.portalinmobiliario.com/arriendo/departamento/san-miguel-metropolitana/5722144-curinanca-uda#position=31&type=item&tracking_id=9eaf2bd6-6048-4b79-af68-9405f2d940aa," Curiñanca, San Miguel ",57,2,2,390000,-33.4888319,-70.6508248
385,https://www.portalinmobiliario.com/MLC-538712994-irarrazaval-2150-nunoa-chile-_JM#position=32&type=item&tracking_id=9eaf2bd6-6048-4b79-af68-9405f2d940aa," Irarrázaval 2150, Ñuñoa, Chile, Ñuñoa ",49,1,1,380000,-33.4541894,-70.604972
386,https://www.portalinmobiliario.com/arriendo/departamento/las-condes-metropolitana/5631093-la-cabana-uda#position=33&type=item&tracking_id=9eaf2bd6-6048-4b79-af68-9405f2d940aa," La Cabaña, Ñuñoa ",45,1,1,550000,-14.464965,-70.5141184
387,https://www.portalinmobiliario.com/MLC-540583841-av-hernando-de-aguirre-600-providencia-_JM#position=34&type=item&tracking_id=9eaf2bd6-6048-4b79-af68-9405f2d940aa," Av. Hernando De Aguirre 600, Providencia, Región Metropolitana, Chile, Providencia ",150,4,4,1100000,-33.4412166,-70.5894922
388,https://www.portalinmobiliario.com/MLC-540232181-marchant-pereira-providencia-chile-_JM#position=35&type=item&tracking_id=9eaf2bd6-6048-4b79-af68-9405f2d940aa," Marchant Pereira, Providencia, Chile, Providencia ",62,3,2,483000,-33.444842,-70.6082354
390,https://www.portalinmobiliario.com/MLC-540790897-mujica-133-nunoa-chile-_JM#position=37&type=item&tracking_id=9eaf2bd6-6048-4b79-af68-9405f2d940aa," Mujica 133, Ñuñoa, Chile, Ñuñoa ",67,2,2,560000,-33.4605856,-70.6059986
393,https://www.portalinmobiliario.com/arriendo/departamento/providencia-metropolitana/5746024-tobalaba-uda#position=41&type=item&tracking_id=9eaf2bd6-6048-4b79-af68-9405f2d940aa," Tobalaba, Providencia ",40,1,1,410000,-33.4182015,-70.6014955
394,https://www.portalinmobiliario.com/MLC-539685905-sector-metro-alcantara-las-condes-_JM#position=43&type=item&tracking_id=9eaf2bd6-6048-4b79-af68-9405f2d940aa," Sector Metro Alcantara, Las Condes, Las Condes ",60,2,1,500000,-33.4144936,-70.5852598
395,https://www.portalinmobiliario.com/MLC-540676256-las-violetas-2347-providencia-chile-_JM#position=44&type=item&tracking_id=9eaf2bd6-6048-4b79-af68-9405f2d940aa," Las Violetas 2347, Providencia, Chile, Providencia ",70,2,2,500000,-33.433882049999994,-70.60274075000001
397,https://www.portalinmobiliario.com/arriendo/departamento/santiago-metropolitana/5657316-tarapaca-uda#position=47&type=item&tracking_id=9eaf2bd6-6048-4b79-af68-9405f2d940aa," Tarapacá, Santiago ",35,1,1,200000,-33.4472338,-70.6497587
401,https://www.portalinmobiliario.com/arriendo/departamento/santiago-metropolitana/5743924-domeyko-1990-uda#position=2&type=item&tracking_id=e499426e-ff75-41d4-ad67-cd8fe35f1570," Domeyko 1990, Santiago ",48,2,2,400000,-33.45599968636364,-70.66243947272727
402,https://www.portalinmobiliario.com/MLC-540386365-chile-espana-235-nunoa-chile-_JM#position=5&type=item&tracking_id=e499426e-ff75-41d4-ad67-cd8fe35f1570," Chile España 235, Ñuñoa, Chile, Ñuñoa ",40,1,1,380000,-33.45286168235294,-70.59823953529413
403,https://www.portalinmobiliario.com/arriendo/departamento/las-condes-metropolitana/5716074-martin-de-zamora-uda#position=6&type=item&tracking_id=e499426e-ff75-41d4-ad67-cd8fe35f1570," Martín De Zamora, Las Condes ",90,2,2,750000,-33.4156916,-70.5687234
404,https://www.portalinmobiliario.com/arriendo/departamento/providencia-metropolitana/5691022-plaza-las-lilas-uda#position=7&type=item&tracking_id=e499426e-ff75-41d4-ad67-cd8fe35f1570," Plaza Las Lilas, Providencia ",44,1,1,570000,-33.42717775,-70.5948180983085
405,https://www.portalinmobiliario.com/arriendo/departamento/santiago-metropolitana/5742955-metro-los-heroes-uda#position=8&type=item&tracking_id=e499426e-ff75-41d4-ad67-cd8fe35f1570," Metro Los Héroes, Santiago ",32,1,1,400000,-33.4461573,-70.6604831
407,https://www.portalinmobiliario.com/arriendo/departamento/las-condes-metropolitana/5669443-metro-alcantara-uda#position=10&type=item&tracking_id=e499426e-ff75-41d4-ad67-cd8fe35f1570," Metro Alcantara, Las Condes ",180,4,3,1500000,-33.4144936,-70.5852598
409,https://www.portalinmobiliario.com/arriendo/departamento/concon-valparaiso/5706744-blanca-estela-1055-uda#position=12&type=item&tracking_id=e499426e-ff75-41d4-ad67-cd8fe35f1570," Blanca Estela 1055, Concón ",130,3,3,800000,-32.9412583,-71.5307547
413,https://www.portalinmobiliario.com/arriendo/departamento/las-condes-metropolitana/5741756-avenida-manquehue-sur-1076-uda#position=16&type=item&tracking_id=e499426e-ff75-41d4-ad67-cd8fe35f1570," Avenida Manquehue Sur 1076, Las Condes ",120,3,3,750000,-33.4219479,-70.5644627
415,https://www.portalinmobiliario.com/MLC-536357814-eliodoro-yanez-2831-providencia-chile-_JM#position=18&type=item&tracking_id=e499426e-ff75-41d4-ad67-cd8fe35f1570," Eliodoro Yañez 2831, Providencia, Chile, Providencia ",148,3,3,1300000,-33.428309,-70.5950205
416,https://www.portalinmobiliario.com/MLC-540672418-enrique-mac-iver-764-santiago-chile-_JM#position=19&type=item&tracking_id=e499426e-ff75-41d4-ad67-cd8fe35f1570," Enrique Mac Iver 764, Santiago, Chile, Santiago ",65,2,1,420000,-33.43434167368421,-70.64771235789473
419,https://www.portalinmobiliario.com/arriendo/departamento/las-condes-metropolitana/5763615-mall-sport-uda#position=22&type=item&tracking_id=e499426e-ff75-41d4-ad67-cd8fe35f1570," Mall Sport, Las Condes ",72,2,2,630000,-33.3705803,-70.50665217091861
421,https://www.portalinmobiliario.com/arriendo/departamento/las-condes-metropolitana/5673417-leonardo-da-vinci-uda#position=26&type=item&tracking_id=e499426e-ff75-41d4-ad67-cd8fe35f1570," Leonardo Da Vinci, Las Condes ",31,1,1,650000,-33.400854,-70.5529606
423,https://www.portalinmobiliario.com/arriendo/departamento/las-condes-metropolitana/5722412-metro-escuela-militarapoquindo-uda#position=28&type=item&tracking_id=e499426e-ff75-41d4-ad67-cd8fe35f1570," Metro Escuela Militar / Apoquindo, Las Condes ",72,2,2,550000,-33.4362049,-70.5782335
425,https://www.portalinmobiliario.com/MLC-540581869-miguel-claro-nunoa-chile-_JM#position=30&type=item&tracking_id=e499426e-ff75-41d4-ad67-cd8fe35f1570," Miguel Claro, Ñuñoa, Chile, Providencia ",62,3,2,420000,-33.4521435,-70.6159937
427,https://www.portalinmobiliario.com/arriendo/departamento/las-condes-metropolitana/5670168-fray-leoncamino-san-antonio-uda#position=32&type=item&tracking_id=e499426e-ff75-41d4-ad67-cd8fe35f1570," Fray Leon / Camino San Antonio, Las Condes ",125,3,2,800000,-33.3737759,-70.5138568
429,https://www.portalinmobiliario.com/MLC-540047731-antonio-bellet-providencia-chile-_JM#position=34&type=item&tracking_id=e499426e-ff75-41d4-ad67-cd8fe35f1570," Antonio Bellet, Providencia, Chile, Providencia ",45,1,1,430000,-33.4240565,-70.620177
430,https://www.portalinmobiliario.com/MLC-540226992-espoz-4440-vitacura-chile-_JM#position=35&type=item&tracking_id=e499426e-ff75-41d4-ad67-cd8fe35f1570," Espoz 4440, Vitacura, Chile, Vitacura ",180,3,4,1700000,-33.39642965,-70.58808575646583
431,https://www.portalinmobiliario.com/MLC-540686036-jose-domingo-canas-nunoa-chile-_JM#position=37&type=item&tracking_id=e499426e-ff75-41d4-ad67-cd8fe35f1570," José Domingo Cañas, Ñuñoa, Chile, Ñuñoa ",70,2,2,650000,-33.4567098,-70.609417
433,https://www.portalinmobiliario.com/arriendo/departamento/santiago-metropolitana/5716077-pasaje-nueva-compania-uda#position=39&type=item&tracking_id=e499426e-ff75-41d4-ad67-cd8fe35f1570," Pasaje Nueva Compañia, Santiago ",32,1,1,260000,-33.4397366,-70.6646471
434,https://www.portalinmobiliario.com/arriendo/departamento/providencia-metropolitana/5657315-el-vergel-uda#position=40&type=item&tracking_id=e499426e-ff75-41d4-ad67-cd8fe35f1570," El Vergel, Providencia ",67,2,2,750000,-33.432505,-70.6021159
435,https://www.portalinmobiliario.com/arriendo/departamento/vitacura-metropolitana/5722427-el-arcangel-vitacura-uda#position=41&type=item&tracking_id=e499426e-ff75-41d4-ad67-cd8fe35f1570," El Arcángel / Vitacura, Vitacura ",92,3,3,750000,-33.401585,-70.5828616
438,https://www.portalinmobiliario.com/MLC-537041252-departamento-en-arriendo-de-1-dorm-en-nunoa-_JM#position=44&type=item&tracking_id=e499426e-ff75-41d4-ad67-cd8fe35f1570," Irarrazaval 2150, Ñuñoa ",46,1,1,400000,-33.4549221,-70.628254
439,https://www.portalinmobiliario.com/MLC-540251907-av-portugal-415-santiago-region-metropolitana-chile-_JM#position=45&type=item&tracking_id=e499426e-ff75-41d4-ad67-cd8fe35f1570," Av. Portugal 415, Santiago, Región Metropolitana, Chile, Santiago ",25,1,1,270000,-33.4429241,-70.6379083
441,https://www.portalinmobiliario.com/MLC-540619053-quinta-710-quilpue-chile-_JM#position=47&type=item&tracking_id=e499426e-ff75-41d4-ad67-cd8fe35f1570," Quinta 710, Quilpué, Chile, Quilpué ",84,3,2,550000,-33.04386155,-71.45729744650811
444,https://www.portalinmobiliario.com/arriendo/departamento/providencia-metropolitana/5750549-avenida-el-cerro-1731-uda#position=50&type=item&tracking_id=e499426e-ff75-41d4-ad67-cd8fe35f1570," Avenida El Cerro 1731, Providencia ",50,1,1,600000,-33.4158672,-70.6106392
